US_Chart - R&B/Hip-Hop On-Demand Overall Streaming (weekly),Unnamed: 1,Unnamed: 2,Unnamed: 3,Unnamed: 4,Unnamed: 5,Unnamed: 6,Unnamed: 7,Unnamed: 8,Unnamed: 9,Unnamed: 10,Unnamed: 11,Unnamed: 12,Unnamed: 13,Unnamed: 14,Unnamed: 15,week_of
Rank,Song,Artist,Label Description,Label,Peak Position,Last Week Rank,Last 2 Week Rank,Weeks On Chart,TP Overall,% CHG,LP Overall,TP Audio,TP Video,YTD Overall,ATD Overall,2024.10.31
1,St. Chroma,"Tyler, The Creator",COLUMBIA,COL,1,,,1,24418901,0.0,0,23532441,886460,25469761,25469761,2024.10.31
2,Noid,"Tyler, The Creator",COLUMBIA,COL,2,5,0,2,23161329,117.9,10629081,21815575,1345754,33790410,33790410,2024.10.31
3,Sticky,"Tyler, The Creator",COLUMBIA,COL,3,,,1,19887526,0.0,0,19322724,564802,19887526,19887526,2024.10.31
4,"Darling, I","Tyler, The Creator",COLUMBIA,COL,4,,,1,19581563,0.0,0,19073638,507925,19581563,19581563,2024.10.31
5,Rah Tah Tah,"Tyler, The Creator",COLUMBIA,COL,5,,,1,19470052,0.0,0,18962435,507617,19470052,19470052,2024.10.31
6,Thriller,Michael Jackson,SME/LEGACY RECORDINGS,LEGC,4,30,78,65,16714511,180.7,5955210,13842675,2871836,83288571,997229479,2024.10.31
7,Thought I Was Dead,"Tyler, The Creator",COLUMBIA,COL,7,,,1,16248893,0.0,0,14008046,2240847,16248893,16248893,2024.10.31
8,Timeless,Weeknd & Playboi Carti,XO / REPUBLIC RECORDS,R-RR,1,1,2,5,14248341,-7.7,15428915,13508497,739844,95285912,95285912,2024.10.31
9,Hey Jane,"Tyler, The Creator",COLUMBIA,COL,9,,,1,13654952,0.0,0,13370496,284456,13654952,13654952,2024.10.31
10,Not Like Us,Kendrick Lamar,INTERSCOPE/GEFFEN/A&M,INT,1,2,3,26,13577049,-4.5,14223860,10754128,2822921,921340650,921340650,2024.10.31
11,Judge Judy,"Tyler, The Creator",COLUMBIA,COL,11,,,1,12882374,0.0,0,12605712,276662,12882374,12882374,2024.10.31
12,Take Your Mask Off,"Tyler, The Creator",COLUMBIA,COL,12,,,1,12715139,0.0,0,12446317,268822,12715139,12715139,2024.10.31
13,WHATCHU KNO ABOUT ME,GloRilla & Sexyy Red,INTERSCOPE/GEFFEN/A&M,INT ,3,3,5,3,12614779,2.0,12369918,10538630,2076149,37297616,37297616,2024.10.31
14,Like Him,"Tyler, The Creator",COLUMBIA,COL,14,,,1,12430103,0.0,0,12101216,328887,12430103,12430103,2024.10.31
15,I Killed You,"Tyler, The Creator",COLUMBIA,COL,15,,,1,12224983,0.0,0,11968269,256714,12224983,12224983,2024.10.31
16,Tomorrow,"Tyler, The Creator",COLUMBIA,COL,16,,,1,10903726,0.0,0,10673345,230381,10903726,10903726,2024.10.31
17,Somebody's Watching Me,Rockwell,MOTOWN,MOT ,6,132,0,17,10859537,209.4,3509875,10223920,635617,50655764,436258390,2024.10.31
18,25,Rod Wave,ALAMO,ALAM,1,4,1,3,10408110,-15.5,12311131,8722499,1685611,40282357,40282357,2024.10.31
19,Balloon,"Tyler, The Creator",COLUMBIA,COL,19,,,1,10340899,0.0,0,10129839,211060,10340899,10340899,2024.10.31
20,Heart Of A Woman,Summer Walker,INTERSCOPE/GEFFEN/A&M,INT ,20,,,1,9840014,149353.4,6584,8922073,917941,9846598,9846598,2024.10.31
21,Million Dollar Baby,Tommy Richman,PULSE RECORDS,PL1,1,6,7,27,9703276,-7.8,10527219,9143619,559657,718052770,718052770,2024.10.31
22,See You Again,"Tyler, The Creator",SONY/COLUMBIA,COL,9,10,25,158,9671106,15.0,8407920,8940358,730748,286868308,1295342596,2024.10.31
23,Tgif,Glorilla,INTERSCOPE/GEFFEN/A&M,INT ,5,8,8,19,9345649,-0.1,9351827,7853430,1492219,180049700,180049700,2024.10.31
24,I Hope You Find Your Way Home,"Tyler, The Creator",COLUMBIA,COL,24,,,1,8730837,0.0,0,8547731,183106,8730837,8730837,2024.10.31
25,Fe!N,Travis Scott,Cactus Jack/EPIC,EPIC,4,9,12,66,8452650,-3.2,8735588,7425983,1026667,353184346,515449640,2024.10.31
26,Snooze,Sza, RCA,RCA,3,11,20,99,8230714,-1.1,8318860,7521227,709487,472918658,1163060008,2024.10.31
27,Help Me,Real Boston Richey,EPIC,EPIC,6,13,19,18,7955974,0.5,7914291,6238070,1717904,141116868,141116868,2024.10.31
28,Mmhmm,Bigxthaplug, INDEPENDENT LABEL SUBMISSION,INDI,12,12,22,55,7338846,-7.9,7970965,6914515,424331,282147505,335192703,2024.10.31
29,Like That,Future & Metro Boomin,Epic/Republic/Boominati/Freebandz,ERFB,1,15,23,32,7221477,-3.4,7475570,6473846,747631,619148224,619148224,2024.10.31
30,Bigger In Texas,Megan Thee Stallion,INDEPENDENT LABEL SUBMISSION,INDI,30,,,1,6650085,1288676.2,516,5211837,1438248,6650601,6650601,2024.10.31
31,Kehlani,Jordan Adetunji,300 ENTERTAINME,300E,4,18,24,21,6576212,-6.0,6998509,5665412,910800,194714032,194714032,2024.10.31
32,2am,Bigxthaplug,,,17,17,62,3,6466329,-11.1,7277487,5415005,1051324,18722283,18722283,2024.10.31
33,I Luv Her,Glorilla,INTERSCOPE/GEFFEN/A&M,INT ,20,20,36,3,6354369,-5.5,6724044,5297710,1056659,19079867,19079867,2024.10.31
34,One Of Wun,Gunna,300 ENTERTAINME,300E,6,21,30,25,6350118,-3.8,6598662,6140990,209128,188871076,188871076,2024.10.31
35,Hollon,Glorilla,INTERSCOPE/GEFFEN/A&M,INT ,15,16,15,6,6292783,-13.8,7296883,5235309,1057474,39119360,39119360,2024.10.31
36,Wanna Be,"Glorilla, Megan Thee Stallion",INTERSCOPE/GEFFEN/A&M,INT ,3,22,29,30,6272481,1.3,6191700,5085195,1187286,324241044,324241044,2024.10.31
37,Kill Bill,Sza, RCA,RCA,1,33,45,99,6193899,8.0,5732820,5961787,232112,276669741,1342514592,2024.10.31
38,Or What,Nle Choppa & 41,Warner Records,WAR,5,14,13,6,6179334,-18.1,7549336,5460971,718363,44136232,44136232,2024.10.31
39,Pink + White,Frank Ocean, INDEPENDENT LABEL SUBMISSION,INDI,15,29,42,121,5887141,-1.4,5970773,5728707,158434,265490955,1015623179,2024.10.31
40,New Drop,Don Toliver,ATLANTIC GROUP,ATLG,34,34,48,10,5772279,1.0,5714060,5583787,188492,60127447,60127447,2024.10.31
41,Die For You,Weeknd,XO / REPUBLIC RECORDS,R-RR,2,39,51,188,5718226,5.8,5403727,5315985,402241,266187125,1775392069,2024.10.31
42,Type Shit,Future & Metro Boomin,Epic/Republic/Boominati/Freebandz,ERFB,2,31,37,32,5656291,-2.9,5827301,5122815,533476,353726102,353726102,2024.10.31
43,Saturn,Sza, RCA,RCA,2,28,32,36,5594292,-7.0,6016744,5254779,339513,377592750,377592750,2024.10.31
44,No Pole,Don Toliver,ATLANTIC GROUP,ATLG,44,50,155,3,5560703,14.4,4860161,5408747,151956,61626237,98523718,2024.10.31
45,Sunflower,Post Malone & Swae Lee,REPUBLIC RECORDS,R-RR,1,35,38,315,5526406,-3.1,5705749,4700302,826104,278940611,3785288359,2024.10.31
46,Big Dawgs,Kalmi Hanumankind,CAPITOL MUSIC GROUP,CAP ,3,24,26,14,5473261,-11.0,6147924,4564678,908583,140787475,140787475,2024.10.31
47,Don't,Bryson Tiller, RCA,RCA,1,36,54,340,5471104,-3.0,5638609,5305732,165372,221494402,2072924365,2024.10.31
48,Him All Along,Gunna,300 ENTERTAINME,300E,19,19,0,2,5442202,-21.3,6912877,5132035,310167,12359002,12359002,2024.10.31
49,Change Me,Bigxthaplug,,,27,27,40,5,5412532,-10.3,6033692,5120750,291782,23243293,23243293,2024.10.31
50,Mamushi,Megan Thee Stallion Feat. Yuki Chiba,INDEPENDENT LABEL SUBMISSION,INDI,5,139,100,18,5345753,55.3,3443100,4619605,726148,135630990,135630990,2024.10.31
51,Wait For U,Future Feat. Drake & Tems,EPIC,EPIC,1,43,55,131,5292470,0.3,5276885,5019439,273031,236726913,1229812591,2024.10.31
52,Sure Thing,Miguel,SME/LEGACY RECORDINGS,LEGC,3,38,56,183,5278015,-3.0,5443834,4849670,428345,257370835,1624405985,2024.10.31
53,Yeah Glo,Glorilla,INTERSCOPE/GEFFEN/A&M,INT ,8,44,57,38,5202873,2.3,5086059,4487381,715492,321928213,321928213,2024.10.31
54,Passport Junkie,Rod Wave,Alamo Records,ALAM,10,23,16,7,5155788,-16.6,6181028,3979560,1176228,43226234,43226234,2024.10.31
55,Earfquake,"Tyler, The Creator",Columbia Records,COL ,2,69,0,92,5035724,17.9,4272929,4778763,256961,132070223,1039159728,2024.10.31
56,goosebumps,Travis Scott Feat. Kendrick Lamar,EPIC,EPIC,14,47,52,424,5002888,0.7,4967138,4608444,394444,201486802,2131086998,2024.10.31
57,Back On My Bs,Bigxthaplug,,,37,37,58,30,4920193,-10.1,5472125,4708560,211633,145763178,151533024,2024.10.31
58,Blinding Lights,Weeknd,REPUBLIC RECORDS,R-RR,1,75,90,257,4920155,16.6,4221080,4559362,360793,202464825,2246830735,2024.10.31
59,Never Lose Me,Flo Milli, RCA,RCA,2,48,64,48,4888601,-0.9,4933815,4624235,264366,390432354,415189256,2024.10.31
60,Thinking About You,Frank Ocean,DEF JAM RECORDINGS,DEF ,32,52,67,58,4823739,-0.1,4829841,4539603,284136,215643620,981463443,2024.10.31
61,No Role Modelz,J. Cole,INTERSCOPE/GEFFEN/A&M,INT ,13,45,59,402,4811900,-3.8,5003127,4596820,215080,252584399,2329797846,2024.10.31
62,Last Lap,Rod Wave,ALAMO,ALAM,6,25,6,3,4802239,-21.8,6143251,4151977,650262,22437687,22437687,2024.10.31
63,Freestyle,Lil Baby,QUALITY CONTROL MUSIC (CAROLINE),QLC ,14,53,69,244,4785308,1.0,4739006,4297834,487474,236958709,1686305593,2024.10.31
64,Fall Fast In Love,Rod Wave,ALAMO,ALAM,11,26,11,5,4776261,-21.3,6067548,3479370,1296891,32216866,32216866,2024.10.31
65,Thick of It,KSI,10K Projects,10KP,4,7,4,3,4768718,-50.8,9695773,4685766,82952,36190613,36190613,2024.10.31
66,Tore Up,Don Toliver,ATLANTIC GROUP,ATLG,28,56,76,11,4750788,2.5,4634727,4429921,320867,65944919,65944919,2024.10.31
67,Lil Demon,Future,EPIC,EPIC,3,42,44,6,4730786,-10.5,5283221,4531549,199237,44333691,44333691,2024.10.31
68,Shut Up My Moms Calling,Hotel Ugly, INDEPENDENT LABEL SUBMISSION,INDI,27,46,66,108,4703828,-5.7,4988924,4555545,148283,221127388,619579976,2024.10.31
69,Federal Nightmares,Rod Wave,ALAMO,ALAM,9,32,9,3,4679114,-19.4,5807127,4098994,580120,19995566,19995566,2024.10.31
70,Billie Jean,Michael Jackson,EPIC,EPIC,27,76,86,418,4596011,9.5,4198511,3684404,911607,178598839,1684588907,2024.10.31
71,WHITE FERRARI,Frank Ocean, INDEPENDENT LABEL SUBMISSION,INDI,59,59,88,21,4572334,1.3,4512973,4403882,168452,134842839,479207680,2024.10.31
72,Yeah!,Usher, RCA,RCA,8,57,73,252,4566139,1.1,4516326,4050453,515686,231580547,1532438788,2024.10.31
73,Shake Dat Ass (Twerk Song),Bossman Dlow,Alamo Records,ALAM,34,55,63,18,4540601,-2.8,4671726,3208689,1331912,87353118,87601533,2024.10.31
74,New Magic Wand,"Tyler, The Creator",Columbia Records,COL ,23,119,0,57,4498468,24.7,3608435,4274045,224423,102319058,549323325,2024.10.31
75,The Largest,Bigxthaplug,,,51,51,68,3,4473574,-7.5,4838167,4050875,422699,33968339,33968339,2024.10.31
76,Best Interest,"Tyler, The Creator",SONY/COLUMBIA,COL,76,124,0,3,4444922,24.2,3578185,4380507,64415,111208344,370620898,2024.10.31
77,She,"Tyler, The Creator",XLR,XLR,77,103,0,15,4346781,12.4,3867844,4133937,212844,128457266,521969143,2024.10.31
78,Broadway Girls,Lil Durk Feat. Morgan Wallen,Alamo Records,ALAM,3,60,92,146,4301977,-3.3,4450910,3752612,549365,193294750,784225356,2024.10.31
79,Love Me,Lil Wayne Feat. Drake & Future,CASH MONEY,R-CM,28,77,83,151,4296378,2.6,4188805,3833691,462687,210270584,1145666612,2024.10.31
80,Under The Influence,Chris Brown, RCA,RCA,2,73,87,119,4284644,0.6,4261135,3497085,787559,197268878,989063983,2024.10.31
81,Heartless,Kanye West,DEF JAM RECORDINGS,DEF ,37,63,79,159,4275616,-2.6,4387985,4092911,182705,203044859,1195177061,2024.10.31
82,Highest In The Room,Travis Scott,EPIC,EPIC,1,64,81,201,4272219,-2.1,4364294,4008097,264122,173493642,1434117321,2024.10.31
83,Ransom,Lil Tecca,REPUBLIC RECORDS,R-RR,1,80,102,147,4252218,2.3,4155046,3713718,538500,142700152,1845013459,2024.10.31
84,Leave Me Alone,Bigxthaplug,,,40,40,46,3,4236640,-20.6,5333439,3977278,259362,15225556,15225556,2024.10.31
85,IVY,Frank Ocean, INDEPENDENT LABEL SUBMISSION,INDI,19,68,99,46,4230775,-1.0,4273540,4017783,212992,168385678,744952432,2024.10.31
86,Money Trees,Kendrick Lamar Feat. Jay Rock,INTERSCOPE/GEFFEN/A&M,INT ,8,62,75,212,4215500,-4.4,4408270,3941878,273622,220598347,1394815003,2024.10.31
87,Humble.,Kendrick Lamar,INTERSCOPE/GEFFEN/A&M,INT ,1,61,74,391,4181619,-5.3,4413595,3923589,258030,235608034,2755282640,2024.10.31
88,Take Care,Bigxthaplug,,,49,49,65,3,4157612,-14.7,4874408,3888787,268825,13827555,13827555,2024.10.31
89,Nobody Gets Me,Sza, RCA,RCA,2,70,84,76,4153755,-2.8,4272050,3998714,155041,182705460,460542905,2024.10.31
90,Bad Habit,Steve Lacy, RCA,RCA,1,87,91,122,4152659,2.3,4059830,3800478,352181,178004883,1139879879,2024.10.31
91,Get It Sexyy,Sexyy Red,Vydia,VYD,4,98,96,33,4131404,5.5,3917704,3680654,450750,294479149,294479149,2024.10.31
92,One Of The Girls,Weeknd,XO / REPUBLIC RECORDS,R-RR,15,82,82,51,4126783,0.7,4099865,3620460,506323,255748631,320528100,2024.10.31
93,Get You,Daniel Caesar, INDEPENDENT LABEL SUBMISSION,INDI,64,78,110,230,4118389,-1.6,4185639,3901685,216704,155869212,1271848175,2024.10.31
94,Angel With An Attitude,Rod Wave,ALAMO,ALAM,10,41,10,3,4082916,-23.2,5315895,3562787,520129,18827203,18827203,2024.10.31
95,Lovin On Me,Jack Harlow,ATLANTIC GROUP,ATLG,1,74,89,51,4064307,-4.5,4257442,3525739,538568,518525863,716325859,2024.10.31
96,All The Stars,Kendrick Lamar Feat. SZA,INTERSCOPE/GEFFEN/A&M,INT ,3,67,77,161,4057962,-5.1,4276362,3751176,306786,201045503,1362690244,2024.10.31
97,Best Part,Daniel Caesar, RCA,RCA,59,72,98,312,4056427,-5.0,4271346,3730309,326118,171561084,1415161922,2024.10.31
98,Houdini,Eminem,INTERSCOPE/GEFFEN/A&M,INT ,1,54,60,22,4039723,-14.7,4738536,3492075,547648,278988276,278988276,2024.10.31
99,Butterfly Effect,Travis Scott,EPIC,EPIC,15,94,104,128,4031357,2.0,3952044,3904741,126616,155821295,1329827513,2024.10.31
100,The Hills,Weeknd,REPUBLIC RECORDS,R-RR,2,83,111,397,4014275,-2.1,4099054,3580185,434090,183545141,2310394991,2024.10.31
101,Without Me,Eminem,INTERSCOPE/GEFFEN/A&M,INT ,14,81,85,219,4012436,-3.0,4138638,3419647,592789,186390636,1477722944,2024.10.31
102,Fukumean,Gunna,300 ENTERTAINME,300E,1,84,103,70,3996637,-2.3,4091392,3763959,232678,273014826,796534474,2024.10.31
103,I Smoked Away My Brain (I'M God X Demons Mashup) [feat. Imogen Heap & Clams Casino],A$ap Rocky, RCA,RCA,57,105,118,35,3978403,3.8,3831456,3693386,285017,145935245,178717224,2024.10.31
104,Exchange,Bryson Tiller, RCA,RCA,6,88,112,269,3957495,-2.4,4053852,3596085,361410,195729842,1714613328,2024.10.31
105,LET HER COOK,Glorilla,INTERSCOPE/GEFFEN/A&M,INT ,105,110,150,3,3952345,5.8,3735175,3531886,420459,11090708,11090708,2024.10.31
106,Break From Toronto,Partynextdoor,OVO SOUND,OVO ,55,95,136,62,3948537,0.4,3933054,3824651,123886,148763175,764319603,2024.10.31
107,Good Days,Sza, RCA,RCA,1,92,108,200,3926730,-1.7,3993216,3679563,247167,223787517,1130598576,2024.10.31
108,Brokey,Latto,RCA,RCA,70,86,70,12,3914145,-3.7,4063455,2962650,951495,43482394,43482394,2024.10.31
109,September,"Earth, Wind & Fire",SONY/COLUMBIA,COL,19,93,107,135,3895618,-1.8,3967667,3519028,376590,173789044,1383759457,2024.10.31
110,Texas,Bigxthaplug,,,109,170,192,42,3893189,20.6,3228878,2806864,1086325,148355220,271181994,2024.10.31
111,Superstition,Stevie Wonder,MOTOWN,MOT ,75,0,0,5,3892426,110.0,1853133,3809800,82626,58678200,560015571,2024.10.31
112,LES,Childish Gambino,GLASSNOTE,GLSN,112,0,0,10,3863656,43.8,2687735,3768564,95092,123251798,412250726,2024.10.31
113,Flashing Lights,Kanye West Feat. Dwele,DEF JAM RECORDINGS,DEF ,57,99,116,143,3843061,-1.6,3906104,3691716,151345,171005176,912818243,2024.10.31
114,Dark Red,Steve Lacy, AWAL,AWAL,16,91,105,169,3841044,-4.6,4024453,3619994,221050,166371472,930884314,2024.10.31
115,Are We Still Friends?,"Tyler, The Creator",SONY/COLUMBIA,COL,73,166,0,3,3749490,15.2,3255192,3560044,189446,105520082,427921612,2024.10.31
116,Took Her To The O,King Von, EMPIRE DISTRIBUTION,EMPI,9,148,145,208,3742472,10.2,3397334,3152885,589587,160697486,890248441,2024.10.31
117,Lose Yourself,Eminem,INTERSCOPE/GEFFEN/A&M,INT ,14,100,124,377,3734754,-4.1,3895124,3195207,539547,170235425,1817994386,2024.10.31
118,Starboy,The Weeknd Feat. Daft Punk,REPUBLIC RECORDS,R-RR,1,117,125,384,3727153,2.1,3648884,3278602,448551,177439883,2225739182,2024.10.31
119,HOW I LOOK,GloRilla & Megan Thee Stallion,INTERSCOPE/GEFFEN/A&M,INT ,41,58,41,3,3718586,-17.6,4514422,3524732,193854,14130566,14130566,2024.10.31
120,Whatever She Wants,Bryson Tiller, RCA,RCA,3,90,95,37,3708714,-7.9,4028122,3462949,245765,307477955,307477955,2024.10.31
121,Novacane,Frank Ocean,DEF JAM RECORDINGS,DEF ,43,109,133,112,3694704,-2.1,3772861,3526022,168682,167391283,735164427,2024.10.31
122,Redrum,21 Savage,EPIC,EPIC,2,107,114,42,3682980,-3.0,3798438,3251254,431726,395777123,395777123,2024.10.31
123,Plutoski,Future,EPIC,EPIC,7,66,71,6,3677255,-14.3,4291837,3371038,306217,37975532,37975532,2024.10.31
124,F**k Love,Xxxtentacion Feat. Trippie Redd, EMPIRE DISTRIBUTION,EMPI,11,112,117,251,3658838,-1.0,3697217,3340036,318802,148298867,1638736023,2024.10.31
125,No Chill,Partynextdoor,OVOS / Santa Anna,OVOS,43,104,106,24,3657879,-5.3,3863248,3122708,535171,108091407,108091407,2024.10.31
126,Paint The Town Red,Doja Cat, RCA,RCA,1,116,120,65,3653822,-0.1,3659056,3219567,434255,287038848,843741293,2024.10.31
127,No Scrubs,Tlc, RCA,RCA,76,108,128,35,3641495,-3.7,3782066,3287244,354251,158405877,1043485545,2024.10.31
128,Knife Talk,Drake Feat. 21 Savage & Project Pat,OVO / REPUBLIC RECORDS,R-RR,2,113,134,156,3621870,-1.9,3693015,3493830,128040,152221332,1080656089,2024.10.31
129,Stretch My Hands Pt.1,Kanye West,DEF JAM RECORDINGS,DEF ,5,111,131,124,3614165,-2.6,3711885,3531029,83136,186474306,1067291727,2024.10.31
130,All Falls Down,Kanye West,DEF JAM RECORDINGS,DEF ,52,102,122,58,3609142,-6.7,3868614,3453279,155863,149018119,710781514,2024.10.31
131,2 Slippery (Feat. Bossman Dlow,Luh Tyler,ATLANTIC GROUP,ATLG,50,106,109,13,3597469,-5.5,3808405,3256602,340867,50693171,50693171,2024.10.31
132,One Dance,Drake Feat. WizKid & Kyla,CASH MONEY / REPUBLIC RECORDS,R-RR,1,125,132,220,3591113,0.6,3570143,3474375,116738,189845604,1791282948,2024.10.31
133,Sum 2 Prove,Lil Baby,"QUALITY CONTROL MUSIC, LLC",QCM,4,129,144,251,3564706,1.0,3530141,3321568,243138,161668063,1172026691,2024.10.31
134,Power Trip,J. Cole Feat. Miguel,INTERSCOPE/GEFFEN/A&M,INT ,49,128,154,154,3561450,0.5,3544560,3406083,155367,180992118,1052032712,2024.10.31
135,Gangsta's Paradise,Coolio Feat. L.V.,INTERSCOPE/GEFFEN/A&M,INT ,6,130,139,205,3559393,1.0,3522900,2792749,766644,170349757,1474029186,2024.10.31
136,THE SPINS,Mac Miller,"ROSTRUM RECORDS, LLC",RTUM,56,126,137,110,3556299,-0.3,3567695,3513074,43225,166810009,658477873,2024.10.31
137,Sativa,Jhene Aiko Feat. Rae Sremmurd,DEF JAM RECORDINGS,DEF ,62,141,162,129,3553125,3.5,3431929,3120198,432927,176736304,1167449462,2024.10.31
138,Ric Flair Drip,Offset & Metro Boomin,EPIC,EPIC,6,114,142,250,3539712,-3.7,3675983,3384911,154801,167599063,1849911277,2024.10.31
139,On One Tonight,Gunna,300 ENTERTAINME,300E,17,118,184,16,3526917,-2.8,3627422,3384547,142370,92036244,92036244,2024.10.31
140,Girls Need Love,Summer Walker & Drake,INTERSCOPE/GEFFEN/A&M,INT ,18,156,157,212,3494327,5.2,3320695,3309544,184783,150765129,1290748887,2024.10.31
141,The Real Slim Shady,Eminem,INTERSCOPE/GEFFEN/A&M,INT ,9,115,123,183,3443780,-5.9,3660888,3054288,389492,172655045,1374758021,2024.10.31
142,Procedure,Glorilla,INTERSCOPE/GEFFEN/A&M,INT ,49,71,49,3,3440508,-19.5,4271843,3127966,312542,13236782,13236782,2024.10.31
143,Therapy Session,Bigxthaplug,,,89,89,127,3,3435762,-14.8,4033265,3153822,281940,11156760,11156760,2024.10.31
144,IRan,Rod Wave,ALAMO,ALAM,50,120,50,3,3410756,-5.3,3603179,3044010,366746,12451405,12451405,2024.10.31
145,Mockingbird,Eminem,INTERSCOPE/GEFFEN/A&M,INT ,18,123,121,104,3390986,-5.4,3583570,2856570,534416,149550337,1010609246,2024.10.31
146,Unforgettable,French Montana Feat. Swae Lee,EPIC,EPIC,2,133,152,220,3389610,-3.3,3505548,2914714,474896,160539584,1931075988,2024.10.31
147,Agora Hills,Doja Cat, RCA,RCA,3,146,138,58,3387055,-0.6,3405962,3142585,244470,259883287,432950350,2024.10.31
148,The Color Violet,Tory Lanez,CMG,One ,28,134,143,113,3370130,-3.7,3500339,3311915,58215,169992480,534433671,2024.10.31
149,Love On The Brain,Rihanna,ROC NATION,R0CN,16,162,172,191,3357692,2.0,3290899,3128775,228917,142554385,1378979953,2024.10.31
150,Bandit,Don Toliver,ATLANTIC GROUP,ATLG,7,131,140,39,3352331,-4.8,3521542,3264657,87674,196782665,196782665,2024.10.31
151,One Take Freestyle,1900rugrat,300 ENTERTAINME,300E,85,85,0,2,3349366,-17.8,4075879,3205382,143984,12834427,12834427,2024.10.31
152,"Bitch, Don'T Kill My Vibe",Kendrick Lamar,INTERSCOPE/GEFFEN/A&M,INT ,64,140,153,142,3344827,-2.7,3437089,3150307,194520,157040457,1161740899,2024.10.31
153,20 Min,Lil Uzi Vert,ATLANTIC GROUP,ATLG,62,160,156,213,3343856,1.4,3298561,3232297,111559,127448121,1104362448,2024.10.31
154,Law & Order,Bigxthaplug,,,101,101,130,3,3322838,-14.2,3870885,2967851,354987,10860791,10860791,2024.10.31
155,Circadian Rhythm,Drake,OVO / REPUBLIC RECORDS,R-RR,12,127,119,9,3308645,-6.9,3552605,3237100,71545,44093182,44093182,2024.10.31
156,Favorite Song,Toosii,CAPITOL RECORDS,CAP,2,172,188,89,3307071,2.6,3224256,2419145,887926,183966569,757524250,2024.10.31
157,Revenge,Xxxtentacion, EMPIRE DISTRIBUTION,EMPI,30,152,146,120,3298505,-2.0,3367520,3167604,130901,142108821,916643488,2024.10.31
158,Workout,J. Cole,J. COLE CATALOG,INT,79,164,149,184,3298192,0.7,3275505,3015212,282980,167981908,1146199352,2024.10.31
159,It Was A Good Day,Ice Cube,CAPITOL MUSIC GROUP,CAP ,25,0,0,149,3297742,15.1,2864818,2916980,380762,144606453,1173910528,2024.10.31
160,The Box,Roddy Ricch,ATLANTIC GROUP,ATLG,1,157,183,242,3294799,-0.3,3305595,2770983,523816,150096598,2321384698,2024.10.31
161,Redbone,Childish Gambino,GLASSNOTE,GLSN,9,0,0,346,3290736,24.2,2649000,3038102,252634,142802901,1835280245,2024.10.31
162,500lbs,Lil Tecca,,,12,135,135,65,3290371,-5.6,3485913,3131808,158563,223566188,377704468,2024.10.31
163,All Girls Are The Same,Juice WRLD,INTERSCOPE/GEFFEN/A&M,INT ,16,145,158,342,3289630,-3.5,3407256,2925920,363710,151925537,1858653414,2024.10.31
164,Love.,Kendrick Lamar,INTERSCOPE/GEFFEN/A&M,INT ,8,142,141,221,3286138,-4.2,3431131,3114976,171162,188422970,1648735725,2024.10.31
165,God's Plan,Drake,CASH MONEY / REPUBLIC RECORDS,R-RR,1,158,179,345,3282684,-0.7,3305381,3065996,216688,159834644,2938549755,2024.10.31
166,Best I Ever Had,Drake,CASH MONEY,R-CM,54,155,168,120,3282235,-1.5,3331889,3194351,87884,180466625,1086464589,2024.10.31
167,Embrace It,Ndotz,,,71,121,97,6,3274636,-8.8,3588970,3018938,255698,24858144,24858144,2024.10.31
168,Alright,Kendrick Lamar,INTERSCOPE/GEFFEN/A&M,INT ,41,138,160,60,3259093,-5.5,3449338,3158502,100591,133300444,849042018,2024.10.31
169,Mask Off,Future,EPIC,EPIC,2,151,159,300,3251137,-3.9,3383177,3058162,192975,180293761,2254003600,2024.10.31
170,Residuals,Chris Brown, RCA,RCA,47,161,147,17,3242971,-1.6,3297088,2496946,746025,89616390,89616390,2024.10.31
171,Broken Clocks,Sza, RCA,RCA,61,167,178,107,3240520,-0.4,3251974,3026550,213970,161593339,1004735650,2024.10.31
172,In Da Club,50 Cent,INTERSCOPE/GEFFEN/A&M,INT ,23,147,148,214,3233254,-5.0,3402013,2615035,618219,156520693,1378338145,2024.10.31
173,Big Poppa,Notorious B.I.G.,BADB,BADB,77,178,198,36,3214511,0.1,3211351,3051483,163028,110362520,1002591608,2024.10.31
174,Needed Me,Rihanna,ROC NATION,R0CN,2,154,167,160,3213595,-3.7,3335384,3040193,173402,146803044,1629063874,2024.10.31
175,Wants And Needs,Drake Feat. Lil Baby,REPUBLIC RECORDS,R-RR,2,176,190,166,3206219,-0.2,3214124,3176702,29517,129941813,1082808502,2024.10.31
176,Let Me Love You,Mario, RCA,RCA,136,174,182,57,3205710,-0.3,3215630,2794287,411423,131868861,1161544233,2024.10.31
177,Martin & Gina,Polo G,SONY/COLUMBIA,COL,23,191,0,203,3194955,2.6,3113403,3046775,148180,128420484,1052095732,2024.10.31
178,No Flockin,Kodak Black,ATLANTIC GROUP,ATLG,45,185,0,207,3194227,1.7,3140191,2876135,318092,169001998,1262033729,2024.10.31
179,Never Mind,Rod Wave,ALAMO,ALAM,17,65,17,3,3174153,-26.9,4343720,2912290,261863,15831461,15831461,2024.10.31
180,Wet Dreamz,J. Cole,INTERSCOPE/GEFFEN/A&M,INT ,48,175,161,225,3173569,-1.3,3215540,3075952,97617,151996227,1365850958,2024.10.31
181,CARNIVAL,Kanye West Feat. Ty Dolla $ign,Vydia,VYD,1,153,151,37,3166402,-5.3,3344179,2959883,206519,409250892,409251175,2024.10.31
182,Lucid Dreams (Forget Me),Juice WRLD,INTERSCOPE/GEFFEN/A&M,INT ,1,180,171,332,3161309,-1.4,3207036,2710073,451236,153016870,3017299405,2024.10.31
183,All My Life,Lil Durk Feat. J. Cole,Alamo Records,ALAM,1,0,0,73,3151443,15.0,2741177,2637303,514140,168084322,587306379,2024.10.31
184,Xo Tour Llif3,Lil Uzi Vert,ATLANTIC GROUP,ATLG,1,195,200,361,3139724,2.1,3075889,2938665,201059,141806967,2498783805,2024.10.31
185,family ties,Baby Keem & Kendrick Lamar,SONY/COLUMBIA,COL,6,169,164,158,3138152,-2.9,3232345,2965254,172898,153045932,798970479,2024.10.31
186,Roc Steady (Feat. Flo Milli),Megan Thee Stallion,INDEPENDENT LABEL SUBMISSION,INDI,186,,,1,3136627,873612.3,359,2979904,156723,3136986,3136986,2024.10.31
187,Lost The Love,Bigxthaplug,,,93,96,93,3,3128030,-20.5,3932719,2926670,201360,11128610,11128610,2024.10.31
188,Right My Wrongs,Bryson Tiller, RCA,RCA,70,182,177,55,3113728,-2.3,3187316,2697306,416422,117732113,758142627,2024.10.31
189,Runaway,Kanye West Feat. Pusha T,DEF JAM RECORDINGS,DEF ,5,163,170,48,3109582,-5.5,3290697,2785712,323870,181749899,782163368,2024.10.31
190,Pride.,Kendrick Lamar,INTERSCOPE/GEFFEN/A&M,INT ,14,177,174,49,3106166,-3.3,3211580,2855322,250844,149239874,632693551,2024.10.31
191,Best Time,Brent Faiyaz,,,102,183,0,5,3099557,-1.5,3146174,3084830,14727,113761523,130760323,2024.10.31
192,Love,Keyshia Cole,A&M RECORDS,AAM ,43,165,173,62,3082370,-5.3,3255772,2646382,435988,174406332,683267404,2024.10.31
193,GOLD DIGGER,Kanye West,DEF JAM RECORDINGS,DEF ,112,168,166,84,3076240,-5.4,3251629,2902681,173559,146018647,1072290067,2024.10.31
194,Superhero (Heroes & Villains),"Metro Boomin, Future & Chris Brown",REPUBLIC RECORDS,R-RR,2,187,175,100,3058097,-2.4,3132369,2848913,209184,206567119,963311351,2024.10.31
195,Can't Tell Me Nothing,Kanye West,DEF JAM RECORDINGS,DEF ,56,193,0,6,3046569,-1.2,3082954,2824544,222025,120130542,670603224,2024.10.31
196,I Know ?,Travis Scott,Cactus Jack/EPIC,EPIC,5,189,186,66,3044182,-2.5,3121373,2897836,146346,220657753,435819456,2024.10.31
197,No Hands,Waka Flocka Flame Feat. Roscoe,ATLANTIC GROUP,ATLG,58,0,0,146,3037642,3.0,2949356,2882934,154708,139315427,1218493378,2024.10.31
198,Ain'T No Mountain High Enough,Marvin Gaye & Tammi Terrell,MOTOWN,MOT ,80,179,176,69,3022703,-5.8,3209993,2919690,103013,143283237,1026050851,2024.10.31
199,Low Life,Future Feat. The Weeknd,EPIC,EPIC,3,0,0,177,3020372,6.3,2841494,2605538,414834,150527133,1615618119,2024.10.31
200,Infrunami,Steve Lacy,,,130,196,0,29,3017302,-0.9,3043330,2932301,85001,111047214,350153970,2024.10.31
Copyright (c) 2024 Luminate Data LLC. Confidential and Proprietary.,,,,,,,,,,,,,,,,2024.10.31
